fermi_energy_eV,band_gap_eV,VBM_eV,CBM_eV,dos_at_fermi,dos_bandwidth_eV,cell_volume_au3,total_energy_eV,ca_doping_frac,source,phase_stable,goldschmidt_t,energy_per_atom_eV,gap_x_interaction,fermi_gap_ratio,mean_A_electronegativity,delta_A_mismatch
10.4276,1.74,0.0,1.74,0.046,19.9,4408.498,-40842.67307412438,0.2,DFT_real,1,1.0424975786470996,-8168.534614824876,0.34800000000000003,5.9928735632183905,0.912,0.0694087403598971
2.093395649724043,3.217675479330205,-0.1342394023558746,3.2129786780740117,0.0495429976890322,19.77050241537316,5292.20182892427,-204212.8861323581,0.0,augmented,1,1.0615418510581087,-40842.57722647162,0.0,0.6505923336829085,0.89,0.0
2.04517987569243,3.2838236879571143,0.0622249038010528,3.206601046130878,0.0536144203694732,20.10150400007648,5288.087384141077,-204213.45880542032,0.0,augmented,1,1.0615418510581087,-40842.69176108406,0.0,0.622804220698136,0.89,0.0
2.088054357900799,3.343015563655988,0.0166863931780936,3.185119451894165,0.0490987525900898,20.30701567448822,5289.988615336755,-204213.71446838844,0.0,augmented,1,1.0615418510581087,-40842.742893677685,0.0,0.6246018582741516,0.89,0.0
2.086214890353957,3.2940696143822685,0.0248082452798968,3.202213398667456,0.0519153929944483,19.832077257921355,5289.979250599557,-204213.6970227828,0.0,augmented,1,1.0615418510581087,-40842.73940455656,0.0,0.6333242770344135,0.89,0.0
2.0852610357850128,3.3346178263626625,-0.0538935905688595,3.1655641166788544,0.0374570113706424,19.55872737284372,5289.986428085805,-204213.6741752128,0.0,augmented,1,1.0615418510581087,-40842.73483504256,0.0,0.6253371507710148,0.89,0.0
2.1880844465396097,3.171715345382221,0.0644698431715012,3.248400323747032,0.0479104584477598,20.633040674625686,5290.441733986465,-204212.6088659889,0.0,augmented,1,1.0615418510581087,-40842.52177319778,0.0,0.6898739383568443,0.89,0.0
2.169829844579063,3.2414647985104783,0.0375565423902925,3.231203570755974,0.0385573856860829,20.017187106335903,5291.2474472339445,-204212.6022774632,0.0,augmented,1,1.0615418510581087,-40842.520455492646,0.0,0.6693977291311065,0.89,0.0
2.0639680164084027,3.2528831301813024,0.0075435106638767,3.1941062967709204,0.0535600262922502,20.06539922319984,5290.714607568872,-204212.64451224144,0.0,augmented,1,1.0615418510581087,-40842.528902448284,0.0,0.6345040074616385,0.89,0.0
2.1392063795432352,3.2310591258872705,0.0932312528411539,3.255496479794017,0.0490760156139665,19.63486387929413,5289.18536931908,-204212.89875439776,0.0,augmented,1,1.0615418510581087,-40842.57975087955,0.0,0.6620756953434269,0.89,0.0
2.0684843760373512,3.0991944522888053,-0.0379042663343599,3.165630784395465,0.0585064766778225,19.95297737726532,5288.8008253997,-204213.34984817303,0.0,augmented,1,1.0615418510581087,-40842.66996963461,0.0,0.6674262426752539,0.89,0.0
2.1111133066224124,3.152066313855915,0.057794254209635,3.178953055715386,0.0610833768663715,20.17903483390249,5291.0998055080445,-204213.9146460423,0.0,augmented,1,1.0615418510581087,-40842.782929208464,0.0,0.6697551468340609,0.89,0.0
2.104915509611905,3.194717199542523,-0.0711003262453766,3.2552530364901457,0.0418259910309265,19.817129651349205,5289.159884164403,-204213.01477745888,0.0,augmented,1,1.0615418510581087,-40842.60295549178,0.0,0.6588736089190353,0.89,0.0
2.02370351406137,3.261787480046457,0.052225699312173,3.226858921381288,0.0571262848384642,20.22786394087341,5289.223775673275,-204212.64800313208,0.0,augmented,1,1.0615418510581087,-40842.52960062642,0.0,0.6204275741486913,0.89,0.0
2.076996187293325,3.193361238241003,-0.0166318659175479,3.2245771060438657,0.0446196275686257,20.02007471727121,5288.937856182854,-204212.7830380177,0.0,augmented,1,1.0615418510581087,-40842.55660760353,0.0,0.6504104552941026,0.89,0.0
2.1335370472975104,3.170774023809823,-0.0234574515012905,3.232231412315885,0.0429270661936403,20.03760959472955,5291.334598787432,-204213.77099918143,0.0,augmented,1,1.0615418510581087,-40842.75419983629,0.0,0.6728755686784657,0.89,0.0
2.10343004145601,3.246572526693549,-0.0048668409331341,3.189810520794803,0.0611479705689438,19.79572940926991,5033.71250109887,-194189.876835295,0.05,augmented,1,1.0567807829553566,-38837.975367059,0.1623286263346774,0.6478923160561326,0.8955,0.0368588385454425
2.024934832511608,3.2841881144855085,0.0667451623921722,3.246487493919933,0.0597141130188749,20.58101473207889,5036.491300462609,-194190.0318153945,0.05,augmented,1,1.0567807829553566,-38838.0063630789,0.1642094057242754,0.6165707156083879,0.8955,0.0368588385454425
2.1666974091761824,3.3904775544846584,0.088438589162971,3.1903928242402,0.0354598164150159,19.809042344969534,5036.228181615793,-194190.11752261812,0.05,augmented,1,1.0567807829553566,-38838.02350452363,0.1695238777242329,0.639053565553525,0.8955,0.0368588385454425
2.0746759507411574,3.2710481398804934,-0.0735402540836633,3.2220584649345767,0.0601845764484787,20.13979469336747,5036.216349821833,-194189.39841569585,0.05,augmented,1,1.0567807829553566,-38837.87968313917,0.1635524069940246,0.6342539845845773,0.8955,0.0368588385454425
2.0816928357563165,3.149690833864966,0.0594757521332521,3.273556031551696,0.0545829167475579,19.926888699825263,5035.525919651008,-194190.83548856687,0.05,augmented,1,1.0567807829553566,-38838.167097713376,0.1574845416932483,0.6609195265944112,0.8955,0.0368588385454425
2.14064732651036,3.3227651309529143,-0.0655841375233391,3.258381604195306,0.05304101655009,19.66840776688276,5034.318539798927,-194190.0103554561,0.05,augmented,1,1.0567807829553566,-38838.00207109122,0.1661382565476457,0.6442365312952247,0.8955,0.0368588385454425
2.065114794304654,3.396994885054967,0.0476299197324453,3.2386846568366114,0.0542307900400239,20.37426015411015,5036.371058091727,-194189.9472188716,0.05,augmented,1,1.0567807829553566,-38837.98944377431,0.1698497442527483,0.6079238433552704,0.8955,0.0368588385454425
2.0359869411851244,3.521194696540622,-0.0551591378654116,3.199372863144992,0.0324527172359,20.13663944763078,5035.675650437284,-194189.8144638716,0.05,augmented,1,1.0567807829553566,-38837.962892774325,0.1760597348270311,0.5782089712268386,0.8955,0.0368588385454425
1.9980467184447783,3.326290566738093,-0.0403717700734807,3.2075497400318067,0.0583157126868106,20.05338000523957,5035.856482556666,-194189.79751268085,0.05,augmented,1,1.0567807829553566,-38837.95950253617,0.1663145283369046,0.6006829763285454,0.8955,0.0368588385454425
2.106439531996936,3.180889209745128,-0.0083234564117614,3.225593933932591,0.0400444390645366,20.2738025978166,5035.813193930807,-194190.15971395685,0.05,augmented,1,1.0567807829553566,-38838.03194279137,0.1590444604872564,0.6622169874155187,0.8955,0.0368588385454425
2.1446248279515734,3.202988635678863,-0.0091210498576208,3.1907685617998016,0.0524306700892593,20.067535032499457,5034.85825579949,-194190.28594907935,0.05,augmented,1,1.0567807829553566,-38838.057189815874,0.1601494317839431,0.6695697057717851,0.8955,0.0368588385454425
2.052019886574038,3.144513154618451,-0.0864948915863423,3.203454487315922,0.0319778673391998,19.83615529409815,5034.911845354121,-194189.67115456215,0.05,augmented,1,1.0567807829553566,-38837.93423091243,0.1572256577309225,0.6525713625935406,0.8955,0.0368588385454425
2.034253259684518,3.1388813615185525,-0.0190762069595786,3.185992817424861,0.0626925479742187,19.63342978808512,5035.145135501014,-194190.03106946623,0.05,augmented,1,1.0567807829553566,-38838.00621389325,0.1569440680759276,0.6480820321983559,0.8955,0.0368588385454425
2.1290591671521004,3.17697584440698,-0.0959049800251896,3.207494788920725,0.0625202847618071,20.05965622222913,5035.76095786236,-194190.7286110866,0.05,augmented,1,1.0567807829553566,-38838.14572221732,0.1588487922203489,0.6701525605703665,0.8955,0.0368588385454425
2.0267164204855668,3.21680416486341,-0.0713189461140704,3.2540681111181256,0.0405335375113363,19.967602815780552,5033.638773081245,-194190.39400302505,0.05,augmented,1,1.0567807829553566,-38838.078800605006,0.1608402082431705,0.6300401536975349,0.8955,0.0368588385454425
2.01070697264349,2.997804358265819,0.0270921044668158,3.3120579769545797,0.0592947358934394,20.15450720697114,4780.461758832055,-184166.62588844544,0.1,augmented,1,1.0520197148526045,-36833.32517768909,0.2997804358265819,0.670726325543247,0.901,0.0511686670878079
2.131192659928687,3.2436821829671296,-0.0592180086156011,3.205030785070432,0.0650269648834793,19.927576749554948,4777.551124280089,-184167.76329529157,0.1,augmented,1,1.0520197148526045,-36833.55265905831,0.324368218296713,0.6570286121405968,0.901,0.0511686670878079
2.0487775648428763,3.3335825238417574,-0.0136561176203455,3.2827215827486635,0.0427383764645251,19.36071224332932,4780.384318841402,-184166.85636105892,0.1,augmented,1,1.0520197148526045,-36833.37127221179,0.3333582523841757,0.6145871402921327,0.901,0.0511686670878079
2.083097517467066,3.104489225074337,-0.0175598100901882,3.364233711903204,0.0356673117370312,20.148217018339125,4778.779204301431,-184166.59693764744,0.1,augmented,1,1.0520197148526045,-36833.31938752949,0.3104489225074337,0.6709950318549276,0.901,0.0511686670878079
2.025383730490578,3.2702088258202946,-0.06457628008841,3.244542640008836,0.0389134970425856,19.735485545110013,4781.317866006396,-184167.2440262979,0.1,augmented,1,1.0520197148526045,-36833.448805259584,0.3270208825820295,0.6193436624460431,0.901,0.0511686670878079
2.089019072410816,3.210915868135665,0.0033746840623637,3.25225432356767,0.0444998154540886,19.651185064199467,4780.34356773407,-184166.4312639698,0.1,augmented,1,1.0520197148526045,-36833.28625279396,0.3210915868135666,0.6505989280325871,0.901,0.0511686670878079
2.075808654203828,3.145510154658953,0.0200780304193859,3.253415779246957,0.0531999907579781,19.65664883988861,4780.193489005715,-184167.3672481679,0.1,augmented,1,1.0520197148526045,-36833.47344963358,0.3145510154658953,0.6599272907137073,0.901,0.0511686670878079
2.051967604396691,3.283891918514374,0.0148092402365506,3.2487608478578585,0.0615401914237152,20.156667279747488,4780.734078375004,-184167.62077614773,0.1,augmented,1,1.0520197148526045,-36833.52415522955,0.3283891918514374,0.624858256743949,0.901,0.0511686670878079
2.0342726495764567,3.2038294932321776,0.0414564913668056,3.228633403294696,0.0414380404511155,19.73013213428183,4780.806301791079,-184166.5838397786,0.1,augmented,1,1.0520197148526045,-36833.31676795572,0.3203829493232177,0.6349501491647846,0.901,0.0511686670878079
2.149550965288756,3.2094231401970337,-0.0022371590381299,3.1693029146921314,0.0673919256909946,19.52969914855317,4782.047542311781,-184167.21150153625,0.1,augmented,1,1.0520197148526045,-36833.44230030725,0.3209423140197034,0.6697621976373588,0.901,0.0511686670878079
2.040031675307984,3.118999642811408,0.1205024324703566,3.2410745811639203,0.0482128043710406,20.21601970786636,4780.225047274371,-184167.0279105821,0.1,augmented,1,1.0520197148526045,-36833.40558211642,0.3118999642811408,0.6540658079086313,0.901,0.0511686670878079
2.0728168143406065,3.178785426765187,0.0599819039592957,3.219067279425205,0.0324686794663117,19.859550790943736,4781.125058671714,-184167.47558017663,0.1,augmented,1,1.0520197148526045,-36833.49511603533,0.3178785426765187,0.6520780373565257,0.901,0.0511686670878079
2.0292702603414785,3.1753740961873964,0.061061783003348,3.205642098867715,0.0622911701855103,19.7655148685555,4781.200894136257,-184167.2519548968,0.1,augmented,1,1.0520197148526045,-36833.45039097936,0.3175374096187396,0.6390647400296043,0.901,0.0511686670878079
2.107704158514524,3.1181725845434727,0.0371429739788615,3.2356934700154847,0.0416000818322255,19.900133554586954,4782.409734941033,-184166.9599113073,0.1,augmented,1,1.0520197148526045,-36833.391982261455,0.3118172584543472,0.6759418939863509,0.901,0.0511686670878079
2.0348635992043684,3.1095306717171893,0.0252702136715498,3.239792262350534,0.0549502069508822,19.511332578093047,4779.703619547109,-184166.4553939601,0.1,augmented,1,1.0520197148526045,-36833.29107879202,0.3109530671717189,0.6543955212653124,0.901,0.0511686670878079
2.071567082338967,3.298340085123756,-0.0481343516053976,3.195950640083554,0.0569125865819208,20.236513296429543,4525.13890051297,-174144.50025027656,0.15,augmented,1,1.047258646749852,-34828.90005005531,0.4947510127685635,0.6280633290723602,0.9065,0.0614267497835797
2.049570351464378,3.1650651546624,-0.0410088439523012,3.1824310876786304,0.0423156615171963,19.57859157721014,4525.131819096991,-174143.71136910532,0.15,augmented,1,1.047258646749852,-34828.742273821066,0.47475977319936,0.6475600354972658,0.9065,0.0614267497835797
2.0522400882856315,3.293487868153213,-0.0824516717674653,3.2454940304914883,0.0677563754216583,19.81331825471432,4527.051969006572,-174143.45256160424,0.15,augmented,1,1.047258646749852,-34828.69051232085,0.494023180222982,0.6231203961640842,0.9065,0.0614267497835797
2.098259930400064,3.2616661687057324,0.0283042991372107,3.2799506810006505,0.0533544602831435,19.589774547945986,4524.519835517456,-174144.63735680032,0.15,augmented,1,1.047258646749852,-34828.92747136006,0.4892499253058599,0.6433090262954935,0.9065,0.0614267497835797
2.0414920003808668,3.3043926734422646,-0.0552205638755792,3.2911985229292204,0.0419772482549211,19.777173436641775,4525.391113004121,-174144.80295820814,0.15,augmented,1,1.047258646749852,-34828.960591641626,0.4956589010163397,0.6178113754388703,0.9065,0.0614267497835797
2.0664657064217327,3.416266771283857,-0.0031332261766281,3.1524684179152573,0.0548034281161644,19.437560602969103,4525.01818560301,-174143.97973411478,0.15,augmented,1,1.047258646749852,-34828.79594682295,0.5124400156925786,0.6048898519582792,0.9065,0.0614267497835797
2.06114217192701,3.1441335998833173,-0.013865802828299,3.2807581200380342,0.0555217888480801,20.30043692654428,4528.136638652293,-174143.45562036778,0.15,augmented,1,1.047258646749852,-34828.69112407356,0.4716200399824977,0.6555515059703556,0.9065,0.0614267497835797
2.044163174279788,3.330931379112297,0.0233358117002591,3.270318348876313,0.0487721878507168,19.651383769353828,4525.199123592178,-174143.90912412916,0.15,augmented,1,1.047258646749852,-34828.78182482583,0.4996397068668446,0.6136909854725311,0.9065,0.0614267497835797
2.062445503792319,3.177055907706829,0.0211670974304287,3.3490382952019595,0.0295566928072174,20.099673343269128,4526.161245379109,-174143.63523725094,0.15,augmented,1,1.047258646749852,-34828.727047450186,0.4765583861560244,0.6491685744719548,0.9065,0.0614267497835797
2.0334642649769856,3.2303940114952834,0.0064750225504049,3.229918305823237,0.031794586826301,19.854825490806665,4524.810786371803,-174143.53396847332,0.15,augmented,1,1.047258646749852,-34828.70679369466,0.4845591017242925,0.6294785181815077,0.9065,0.0614267497835797
1.961722744946094,3.347865437945589,0.0214781500101739,3.266669430786695,0.0253569013215216,19.826420168572533,4527.38078342866,-174144.11986901815,0.15,augmented,1,1.047258646749852,-34828.82397380363,0.5021798156918384,0.585962069069249,0.9065,0.0614267497835797
2.0010968925018147,3.181332990499429,-0.0034138811319669,3.2024314774843594,0.0593381723208929,19.905599741002884,4525.671650652052,-174144.51123679202,0.15,augmented,1,1.047258646749852,-34828.902247358405,0.4771999485749144,0.6290118857302587,0.9065,0.0614267497835797
2.079222330263947,3.2911666294711366,-0.0396104453092346,3.133183548584293,0.0511076218957588,19.8689589826217,4526.563291167926,-174142.8819777618,0.15,augmented,1,1.047258646749852,-34828.57639555236,0.4936749944206706,0.6317582585722201,0.9065,0.0614267497835797
2.053658407814547,3.193616138315723,-0.057366098382417,3.229378910425248,0.0486057734961564,19.940992226179628,4527.950685340067,-174143.6110222459,0.15,augmented,1,1.047258646749852,-34828.72220444918,0.4790424207473585,0.6430509102595883,0.9065,0.0614267497835797
2.04825995642464,3.1743439421166526,0.013333638189166,3.199649592080867,0.048798310795379,20.071224178071454,4526.0107677772285,-174144.17570825064,0.15,augmented,1,1.047258646749852,-34828.835141650125,0.4761515913174979,0.6452543733507614,0.9065,0.0614267497835797
1.9307351576332548,3.37438367264204,0.020165019512264,3.28138086407924,0.030386476642227,20.31395160992201,4271.113343133382,-164120.83669414886,0.2,augmented,1,1.0424975786470996,-32824.16733882977,0.674876734528408,0.5721739946505708,0.912,0.0694087403598971
1.986535657229059,3.081305426866016,0.0578673155861783,3.324329868469882,0.0443447184864667,19.69618462905809,4271.201515830866,-164120.86710399255,0.2,augmented,1,1.0424975786470996,-32824.173420798514,0.6162610853732032,0.6447056481979158,0.912,0.0694087403598971
1.98000701389102,3.2307744784556167,0.0076550996467162,3.310907862382438,0.0461424416401371,19.42709448733017,4271.932107863198,-164120.82026177837,0.2,augmented,1,1.0424975786470996,-32824.16405235567,0.6461548956911234,0.6128581286736483,0.912,0.0694087403598971
2.108520484699193,3.4029457802044014,0.0732227156133649,3.231920603231337,0.0658985507333755,20.005282751468712,4273.204940405669,-164120.94360630444,0.2,augmented,1,1.0424975786470996,-32824.188721260885,0.6805891560408803,0.6196160624564756,0.912,0.0694087403598971
2.0250701631195187,3.287402735267209,0.0075938804806969,3.322740597173459,0.0436787068145154,20.249384497093107,4272.310794507132,-164120.79899260684,0.2,augmented,1,1.0424975786470996,-32824.15979852137,0.6574805470534418,0.6160089621468157,0.912,0.0694087403598971
2.072733830874116,3.212673495316696,0.117510290000286,3.1267833839462784,0.0527294320449504,19.370621227216883,4271.352903296782,-164120.73510054225,0.2,augmented,1,1.0424975786470996,-32824.14702010845,0.6425346990633392,0.6451739302863273,0.912,0.0694087403598971
2.115381677945684,3.190784778792312,0.0654005957830889,3.201059167988761,0.0594666972375486,19.75769636742896,4271.651994519241,-164120.8604858291,0.2,augmented,1,1.0424975786470996,-32824.17209716582,0.6381569557584624,0.6629657471854284,0.912,0.0694087403598971
2.10411817370578,3.3687739843233757,0.0221750860292262,3.202406580770662,0.0388497813196975,19.59142704234816,4269.330417113208,-164120.0616374466,0.2,augmented,1,1.0424975786470996,-32824.01232748932,0.6737547968646751,0.6245944545115993,0.912,0.0694087403598971
2.0236088236828653,3.2261506035707708,0.074805111671278,3.2362005698806824,0.0375952906431407,19.832576313845504,4270.445890948123,-164120.52011861288,0.2,augmented,1,1.0424975786470996,-32824.104023722575,0.6452301207141542,0.6272516212328936,0.912,0.0694087403598971
2.0213168960867915,3.2092728589406194,-0.0296951586010151,3.2546889253079003,0.0468348112551985,19.74400747347774,4271.219794063904,-164120.73305791093,0.2,augmented,1,1.0424975786470996,-32824.14661158218,0.6418545717881239,0.6298362137140978,0.912,0.0694087403598971
2.030879093223023,3.2631075966875023,-0.0338335401624006,3.3102296454563254,0.0469682817740951,19.74884597415253,4271.922944217378,-164120.72948079693,0.2,augmented,1,1.0424975786470996,-32824.14589615939,0.6526215193375005,0.6223755762479498,0.912,0.0694087403598971
1.9533086822758168,3.294095269022163,-0.0509753101192093,3.306721389161566,0.0435825036110655,20.13402108921732,4270.948341446802,-164120.65733186394,0.2,augmented,1,1.0424975786470996,-32824.13146637279,0.6588190538044327,0.5929725553696847,0.912,0.0694087403598971
2.100512175025344,3.2330983453585183,-0.0295408549367902,3.29275203068909,0.0523566159675096,19.73537525997555,4269.593098979583,-164120.99730798628,0.2,augmented,1,1.0424975786470996,-32824.19946159726,0.6466196690717037,0.6496899571121647,0.912,0.0694087403598971
2.0738679760843213,3.182496581057628,-0.0005468918508097,3.2271257531016837,0.0266783283747395,19.69735564688802,4272.25169202069,-164121.87742273757,0.2,augmented,1,1.0424975786470996,-32824.37548454751,0.6364993162115257,0.6516479347629606,0.912,0.0694087403598971
2.0526083675237787,3.1413930768600595,0.0304221034737096,3.2957159467936834,0.0442805206508872,19.849099552365637,4270.772197302864,-164121.36508819758,0.2,augmented,1,1.0424975786470996,-32824.27301763951,0.6282786153720119,0.6534068369974891,0.912,0.0694087403598971
2.109904645316687,3.1884928572828874,0.0783898065598236,3.2320249980099915,0.0502519039033772,19.53365785210391,4017.4532950169023,-154097.686821645,0.25,augmented,1,1.0377365105443472,-30819.537364329,0.7971232143207219,0.6617245444890607,0.9175,0.0757947679163042
2.009374191966217,3.3360023169784454,-0.0234570682539549,3.203592575227745,0.0526130556340945,19.5312298230053,4017.446417284398,-154097.03752969377,0.25,augmented,1,1.0377365105443472,-30819.407505938754,0.8340005792446114,0.6023297943798777,0.9175,0.0757947679163042
2.0062253056823893,3.3932352844091787,0.0240891853930642,3.240206928992761,0.0590142900226607,19.532498453478183,4016.5531995700967,-154097.62718536824,0.25,augmented,1,1.0377365105443472,-30819.525437073647,0.8483088211022947,0.5912424415889764,0.9175,0.0757947679163042
2.055261185050913,3.386543329738114,0.0526395778451356,3.286187415978716,0.0421973089553643,19.32720472751171,4015.615754145545,-154096.6407002218,0.25,augmented,1,1.0377365105443472,-30819.32814004436,0.8466358324345284,0.6068903829201755,0.9175,0.0757947679163042
1.9331964006248732,3.196550935675789,0.0572303141025044,3.2854856649598685,0.0542804507100569,20.0378485053812,4018.399482537361,-154097.37631432313,0.25,augmented,1,1.0377365105443472,-30819.475262864627,0.7991377339189474,0.6047755329888523,0.9175,0.0757947679163042
2.058172386457576,3.2025753467941662,0.0293166487789068,3.255193695100539,0.0404689413201928,20.143417054394146,4017.83152337606,-154096.67980688857,0.25,augmented,1,1.0377365105443472,-30819.335961377717,0.8006438366985416,0.642661458646518,0.9175,0.0757947679163042
2.10616315927431,3.3667315161358777,-0.0860222805118356,3.366384049147485,0.0541796767066636,19.64524197297411,4017.6588091555623,-154098.04266083692,0.25,augmented,1,1.0377365105443472,-30819.60853216738,0.8416828790339694,0.6255807817164017,0.9175,0.0757947679163042
2.0559315060054875,3.1433729958925904,-0.0404109204393318,3.3104964564600268,0.0557288674299289,19.972631057830142,4016.643731363312,-154098.58146111394,0.25,augmented,1,1.0377365105443472,-30819.716292222787,0.7858432489731476,0.6540524635922893,0.9175,0.0757947679163042
2.0145489450174323,3.328348507682453,-0.0158382552967823,3.27387110294528,0.0431438253208208,19.77848813465357,4017.00577738996,-154097.66037525752,0.25,augmented,1,1.0377365105443472,-30819.532075051506,0.8320871269206133,0.6052696510289789,0.9175,0.0757947679163042
2.0971644776815976,3.054358115161627,-0.0272921292985538,3.231487188824139,0.0471911060003441,19.898143435764936,4018.552093101549,-154096.54845694228,0.25,augmented,1,1.0377365105443472,-30819.30969138846,0.7635895287904068,0.6866135901542875,0.9175,0.0757947679163042
1.986345827221476,3.2750500065033634,0.0098152208462177,3.2351093125831336,0.0512838203603762,19.80314778937052,4015.8622651493993,-154097.66381211855,0.25,augmented,1,1.0377365105443472,-30819.53276242371,0.8187625016258409,0.6065083637711693,0.9175,0.0757947679163042
1.975116271362968,3.378664682941926,0.0950779627556835,3.2872409686947277,0.0461127676805327,19.920730430062257,4018.112134028938,-154096.94367846462,0.25,augmented,1,1.0377365105443472,-30819.388735692926,0.8446661707354814,0.5845847019830512,0.9175,0.0757947679163042
2.019217321572589,3.3002589927379096,0.0326323203588539,3.218115627172464,0.0571260823742045,20.395449567368168,4018.09493210484,-154098.14682492224,0.25,augmented,1,1.0377365105443472,-30819.62936498445,0.8250647481844774,0.6118358329391611,0.9175,0.0757947679163042
1.9264999772290563,3.3458718673517933,-0.0380094724481043,3.2893566677061497,0.0603514872000754,19.67791344708048,4016.5523453435912,-154097.38566648014,0.25,augmented,1,1.0377365105443472,-30819.47713329603,0.8364679668379483,0.5757839743486283,0.9175,0.0757947679163042
1.9601245180008888,3.199214380399413,0.0012428751875634,3.2599772565591127,0.0510840775379922,20.70479388433178,4017.029038339418,-154097.94488393946,0.25,augmented,1,1.0377365105443472,-30819.58897678789,0.7998035950998532,0.6126891393464646,0.9175,0.0757947679163042
2.0809120177378784,3.131118152467978,-0.0694454085514553,3.2602448280676137,0.0411711327948037,19.66427817904484,3762.2497276755767,-144074.21838848395,0.3,augmented,1,1.032975442441595,-28814.84367769679,0.9393354457403936,0.6645904919005345,0.923,0.080921872965211
2.063447976763757,3.2991188273843783,-0.028097312384755,3.3407322693219705,0.0358228452426986,19.360219176293803,3763.487196017904,-144073.78483281293,0.3,augmented,1,1.032975442441595,-28814.756966562585,0.9897356482153136,0.6254540861584007,0.923,0.080921872965211
1.9703850803897949,3.2500901146179078,-0.0458463772664964,3.3063312108782568,0.0613204929136808,20.06086453957854,3763.316964642583,-144073.94589526948,0.3,augmented,1,1.032975442441595,-28814.789179053896,0.9750270343853724,0.6062553358973878,0.923,0.080921872965211
2.0099940425720457,3.398334043791132,0.0372515281456399,3.361972285757657,0.0394045105883824,19.328566508136387,3763.3264910148728,-144074.18087467502,0.3,augmented,1,1.032975442441595,-28814.836174935004,1.0195002131373396,0.5914643543591648,0.923,0.080921872965211
1.9951976949839385,3.265984718769251,0.1277343162951058,3.2578902673732864,0.0354669669317366,19.875585270048006,3763.461730877973,-144073.21655844207,0.3,augmented,1,1.032975442441595,-28814.64331168841,0.9797954156307754,0.6109021492402011,0.923,0.080921872965211
2.0428682481694787,3.162959125602057,0.0985432135358899,3.289026565046145,0.0356229056810503,19.526182262870197,3763.117568719336,-144074.23634474224,0.3,augmented,1,1.032975442441595,-28814.847268948448,0.9488877376806172,0.645872273770959,0.923,0.080921872965211
2.027253768847293,3.418650311907193,-0.0401077295754822,3.3583077314136824,0.038808426772063,20.499202212173707,3762.879979015993,-144074.81587870023,0.3,augmented,1,1.032975442441595,-28814.96317574005,1.025595093572158,0.5929981106251901,0.923,0.080921872965211
1.908729095833976,3.370892472227901,-0.0187090137995091,3.2822217152739084,0.051661960091741,20.1531241478752,3763.504950340669,-144074.94318008953,0.3,augmented,1,1.032975442441595,-28814.988636017904,1.0112677416683704,0.5662383316351001,0.923,0.080921872965211
2.0812947374812296,3.232095466383185,-0.1128124967374113,3.231077982656997,0.0461802509213256,19.55635572617566,3762.193195530824,-144074.18663319157,0.3,augmented,1,1.032975442441595,-28814.837326638317,0.9696286399149556,0.6439457358802976,0.923,0.080921872965211
2.000930729844536,3.2405645662143283,-0.0625348031494113,3.2910971904107664,0.0233504261241526,19.64420058748417,3761.353455890939,-144074.4754478611,0.3,augmented,1,1.032975442441595,-28814.89508957222,0.9721693698642986,0.6174634300586146,0.923,0.080921872965211
1.9993335100345369,3.3859956674433747,0.0791738638624799,3.234111057988152,0.0639283262527003,19.61621132014357,3762.4537667829222,-144074.10032794077,0.3,augmented,1,1.032975442441595,-28814.82006558815,1.0157987002330124,0.5904711984091084,0.923,0.080921872965211
2.1322291376291256,3.235771766223733,-0.0898369006489026,3.364518973509649,0.0356662644120456,19.741523425827324,3761.1634903460736,-144074.53511132186,0.3,augmented,1,1.032975442441595,-28814.90702226437,0.9707315298671202,0.6589551528111524,0.923,0.080921872965211
1.967980423189728,3.3576441816494773,0.0040395814860989,3.255947241969266,0.0539587197665892,19.926499025202386,3760.435191749556,-144073.8959077783,0.3,augmented,1,1.032975442441595,-28814.77918155566,1.0072932544948434,0.5861192343804886,0.923,0.080921872965211
2.019243394192632,3.4290732487591544,0.0061958713171322,3.2504145324716203,0.0419570466669816,20.091175799264217,3761.510502940299,-144074.5759078289,0.3,augmented,1,1.032975442441595,-28814.91518156578,1.0287219746277465,0.5888596302408196,0.923,0.080921872965211
1.9989155710000468,3.175062838978413,-0.0378161712314287,3.2986275095902093,0.05602477747653,19.945144095413145,3762.235378740631,-144074.7713948223,0.3,augmented,1,1.032975442441595,-28814.954278964466,0.952518851693524,0.6295670488449784,0.923,0.080921872965211
2.0497580205860118,3.348350549994684,-0.0353364881759619,3.349932422934245,0.0485957706151046,19.58094089519013,3507.5312017437354,-134051.43387726834,0.35,augmented,1,1.0282143743388426,-26810.286775453667,1.1719226924981394,0.6121692988268408,0.9285,0.0849764382654488
2.029103474503132,3.3176177903661963,-0.0111237448389132,3.4073431097859777,0.0362506598120944,19.70407720328049,3509.6241333022044,-134051.60352155662,0.35,augmented,1,1.0282143743388426,-26810.320704311325,1.1611662266281688,0.6116144146504429,0.9285,0.0849764382654488
2.0015822283459643,3.2460432616007595,-0.0117167455521031,3.345372235900417,0.0400659448415795,19.390174081246773,3507.958420852148,-134050.5833169954,0.35,augmented,1,1.0282143743388426,-26810.116663399083,1.136115141560266,0.6166219764849727,0.9285,0.0849764382654488
2.007628442299831,3.44345320475939,0.0222099163645335,3.360066147886788,0.0476654531145012,20.228867726860823,3508.1548306360173,-134051.23644852743,0.35,augmented,1,1.0282143743388426,-26810.247289705487,1.205208621665787,0.5830274842990435,0.9285,0.0849764382654488
1.927797768576408,3.3555326500078064,0.055146386637133,3.40176601682992,0.0570039979479528,19.991267411183813,3506.088202646651,-134051.12135450897,0.35,augmented,1,1.0282143743388426,-26810.2242709018,1.1744364275027324,0.5745130192844058,0.9285,0.0849764382654488
1.9894245586428527,3.2245033519147435,-0.019384995820428,3.284319216718518,0.0382235441739599,19.44845938840798,3507.504925318481,-134051.46779472264,0.35,augmented,1,1.0282143743388426,-26810.29355894453,1.1285761731701602,0.6169706539429888,0.9285,0.0849764382654488
1.8761783571831068,3.271130866007812,-0.0098884522352807,3.3144555608301967,0.0357232764514377,19.827839558206804,3507.7591032050177,-134051.55476995264,0.35,augmented,1,1.0282143743388426,-26810.310953990527,1.1448958031027343,0.5735563205750098,0.9285,0.0849764382654488
2.002834686412326,3.407353064418534,0.0087643389466961,3.238163728056203,0.0388817663103634,19.864578390031586,3507.178032281256,-134051.29681754293,0.35,augmented,1,1.0282143743388426,-26810.259363508587,1.192573572546487,0.5877976425540943,0.9285,0.0849764382654488
1.9131197541271665,3.31696002626671,0.0159580145045995,3.311551038103935,0.0396622112916111,19.52131799294889,3506.8432329879483,-134051.1364534461,0.35,augmented,0,1.0282143743388426,-26810.227290689218,1.1609360091933487,0.5767688371908342,0.9285,0.0849764382654488
2.052679517165846,3.443634939726284,-0.015109029349131,3.1748431456086346,0.039386894380327,19.805744751613357,3506.6219817800707,-134051.44510010112,0.35,augmented,0,1.0282143743388426,-26810.289020020224,1.2052722289041995,0.596079130632201,0.9285,0.0849764382654488
2.0005194819553846,3.355742092783329,-0.0457962363631213,3.3617147396944103,0.0290616895618707,19.655161423417727,3508.253327555279,-134050.6673966218,0.35,augmented,1,1.0282143743388426,-26810.13347932436,1.1745097324741651,0.596147984706454,0.9285,0.0849764382654488
2.035775051122213,3.3001911492669223,-0.0091575235526647,3.2871663432910063,0.0548064091245214,19.63680596621461,3507.6778027089995,-134051.16189195326,0.35,augmented,1,1.0282143743388426,-26810.23237839065,1.1550669022434228,0.6168656123778804,0.9285,0.0849764382654488
1.9186352154786093,3.1347865600025293,-0.0298711682571614,3.358895086972666,0.0374594470658721,20.304747005358585,3508.8335947611718,-134051.04601781195,0.35,augmented,1,1.0282143743388426,-26810.20920356239,1.0971752960008854,0.6120463281017554,0.9285,0.0849764382654488
1.955222146602956,3.347439393786101,0.0639759334880079,3.1941590580322963,0.0480274480749081,19.077018753900976,3506.666915196476,-134050.37290772176,0.35,augmented,0,1.0282143743388426,-26810.07458154435,1.1716037878251355,0.5840946862660978,0.9285,0.0849764382654488
2.0634049240881907,3.188125897150687,-0.1313532678404083,3.278929945409062,0.0544269991623518,19.30523679269369,3506.4522963961767,-134051.05571753392,0.35,augmented,1,1.0282143743388426,-26810.211143506785,1.1158440640027405,0.647215431083471,0.9285,0.0849764382654488
2.084792175090458,3.47944423917492,0.0339473493881116,3.2793798825531293,0.0415097065916196,19.75189197568655,3253.3147713046155,-124027.29372165407,0.4,augmented,0,1.0234533062360902,-24805.458744330816,1.391777695669968,0.599173727931647,0.934,0.0880642117911395
2.010742069865149,3.497865512653825,0.0328473556162139,3.3614033038186197,0.0393785485613209,20.53245130265084,3252.585777989412,-124028.32518343384,0.4,augmented,0,1.0234533062360902,-24805.66503668677,1.3991462050615302,0.5748481431727371,0.934,0.0880642117911395
1.997335498880246,3.5711556551584427,-0.0920038872252876,3.318385969447527,0.0484054293507477,19.836923460496852,3252.8707919474846,-124028.66883055486,0.4,augmented,1,1.0234533062360902,-24805.73376611097,1.4284622620633771,0.5592965225972787,0.934,0.0880642117911395
2.022629790164755,3.5320568120430504,0.0289709491449484,3.194458249929928,0.0416185991455835,19.81494083727085,3253.9201290095803,-124027.9268172219,0.4,augmented,0,1.0234533062360902,-24805.58536344438,1.4128227248172205,0.5726491178225659,0.934,0.0880642117911395
1.9651258899563075,3.451198373857395,0.0160392862966341,3.329702597180294,0.0292993891128796,19.886086756290517,3252.1519650825057,-124028.3383637364,0.4,augmented,0,1.0234533062360902,-24805.66767274728,1.380479349542958,0.5694037570944191,0.934,0.0880642117911395
2.006128096043766,3.1365191970365447,-0.0777985013158953,3.413137324617864,0.0347490327902582,19.860004455351525,3251.494773582101,-124027.97216023924,0.4,augmented,0,1.0234533062360902,-24805.59443204785,1.254607678814618,0.6396031174736899,0.934,0.0880642117911395
2.041979200322078,3.280377032189824,0.0534189666847008,3.3502060444794264,0.0650363875210478,19.35616673305808,3254.243153239787,-124027.44600193796,0.4,augmented,0,1.0234533062360902,-24805.48920038759,1.3121508128759298,0.6224828907779723,0.934,0.0880642117911395
2.012474868242962,3.2836080606510367,-0.0138317934580723,3.342544568760626,0.0372613512984047,19.69026009816195,3252.984106664635,-124027.44391859784,0.4,augmented,0,1.0234533062360902,-24805.488783719567,1.3134432242604148,0.6128850393182772,0.934,0.0880642117911395
2.019106500076573,3.240910061833245,-0.0389926473110819,3.374099240462497,0.0285042378844846,19.67543586962842,3253.0179474110723,-124027.96353607222,0.4,augmented,0,1.0234533062360902,-24805.592707214444,1.296364024733298,0.6230058343330318,0.934,0.0880642117911395
2.0302188317381566,3.2499463171990466,0.038005918812818,3.372720605610971,0.0410469027895064,19.92507885097945,3253.365886457524,-124028.42995713766,0.4,augmented,0,1.0234533062360902,-24805.685991427534,1.299978526879619,0.6246928437867393,0.934,0.0880642117911395
1.9113570274259468,3.355147990035221,-0.0989112624687405,3.322346745103019,0.0609776701674597,19.515632184819303,3252.1495969545085,-124027.63720748236,0.4,augmented,0,1.0234533062360902,-24805.527441496477,1.3420591960140884,0.5696787335235096,0.934,0.0880642117911395
1.9383352520878756,3.2561723034302856,0.0054703799510029,3.323787967159919,0.055414319753737,19.59217354269059,3251.4757321456464,-124028.59771161072,0.4,augmented,1,1.0234533062360902,-24805.719542322146,1.3024689213721143,0.5952801253071802,0.934,0.0880642117911395
1.9305021103723996,3.3164992389993766,-0.0405500431814422,3.264297677491901,0.0445866114785538,19.8638219327573,3253.766793734949,-124028.23478515793,0.4,augmented,0,1.0234533062360902,-24805.646957031586,1.3265996955997508,0.5820901466163778,0.934,0.0880642117911395
1.9517509044483965,3.362321237445702,0.0165742631010879,3.327088292948054,0.030656036172935,20.16893226735658,3255.204603796584,-124028.014808304,0.4,augmented,0,1.0234533062360902,-24805.602961660803,1.344928494978281,0.5804770532437449,0.934,0.0880642117911395
1.9619980365621508,3.247192290214468,0.0186674279855699,3.335618910523329,0.0539273516541641,19.42263955322733,3253.715300252575,-124027.72401134252,0.4,augmented,0,1.0234533062360902,-24805.544802268505,1.2988769160857874,0.6042135041590229,0.934,0.0880642117911395
2.005843398476613,3.2923731443323576,0.0200959477586961,3.298901833643744,0.0494552609988521,20.12036589223568,2998.888623568773,-114005.03465913546,0.45,augmented,0,1.018692238133338,-22801.00693182709,1.4815679149495609,0.6092392026372712,0.9395,0.0902407148198815
1.968659849550085,3.319975701120174,0.0595853748553532,3.3308141020075395,0.0298045387161683,19.65694104320908,2998.513954716811,-114004.2363464499,0.45,augmented,0,1.018692238133338,-22800.84726928998,1.4939890655040782,0.5929739955361286,0.9395,0.0902407148198815
1.9695550433303064,3.5156534671459334,-0.0430096347711249,3.449738429577389,0.0447881052949659,19.888348766366647,2997.742187865568,-114004.69360068828,0.45,augmented,0,1.018692238133338,-22800.93872013766,1.58204406021567,0.5602242944339247,0.9395,0.0902407148198815
2.025909735587713,3.4407368305378223,0.0436098500036488,3.3192456634402947,0.0352825395804393,19.87478225309726,2999.268388072341,-114004.96231419244,0.45,augmented,1,1.018692238133338,-22800.99246283849,1.54833157374202,0.5888009593776701,0.9395,0.0902407148198815
1.9686362313701649,3.353729554982322,-0.0692714134057245,3.3746642702582563,0.0509652463389658,19.556100612853665,2997.3126746497283,-114005.0024345305,0.45,augmented,1,1.018692238133338,-22801.0004869061,1.5091782997420449,0.5869989252552048,0.9395,0.0902407148198815
1.986203343075923,3.338944704824074,-0.0717954761934263,3.2692092091786247,0.043810092502818,19.135221312153547,2999.347897409644,-114004.93003076426,0.45,augmented,0,1.018692238133338,-22800.98600615285,1.5025251171708334,0.5948594312888278,0.9395,0.0902407148198815
1.9081131002094307,3.3374407339533163,0.01074132530583,3.3069108752584992,0.025465722015332,20.298761400840547,2999.73454334127,-114005.04191997791,0.45,augmented,0,1.018692238133338,-22801.008383995584,1.5018483302789924,0.571729262206236,0.9395,0.0902407148198815
1.98984367952538,3.441977145498385,-0.0599848764182654,3.2191928068515563,0.0495801419530214,19.52654111811043,2996.316772135612,-114004.77842196908,0.45,augmented,0,1.018692238133338,-22800.95568439381,1.5488897154742731,0.5781104921098383,0.9395,0.0902407148198815
1.9648624879482912,3.337106019836436,-0.0114169167649721,3.365990455376515,0.0269089307224402,19.652409226239,2998.814078748213,-114004.51116599949,0.45,augmented,0,1.018692238133338,-22800.902233199897,1.5016977089263963,0.5887921712635384,0.9395,0.0902407148198815
1.9810839270688252,3.3518059805966818,-0.0497574240926689,3.325924841893217,0.0192293495355714,19.828542999165617,2999.764117707814,-114005.58801990809,0.45,augmented,0,1.018692238133338,-22801.117603981616,1.5083126912685068,0.5910495259831927,0.9395,0.0902407148198815
1.959675605840973,3.289620751483592,-0.0286965003983678,3.3896618553791105,0.0600443350817474,19.593382122821737,2999.473675520656,-114004.83694738438,0.45,augmented,0,1.018692238133338,-22800.967389476875,1.480329338167616,0.5957145696027745,0.9395,0.0902407148198815
1.978867923098234,3.3327721020816288,0.0161041155383492,3.33444539980257,0.0328698562773987,20.02198397470331,2998.561021523112,-114004.8421472161,0.45,augmented,0,1.018692238133338,-22800.96842944322,1.499747445936733,0.5937601698304171,0.9395,0.0902407148198815
1.9794205574358037,3.2787307975559767,-0.071057657007281,3.3091431459775618,0.0357461113036305,20.083964761739097,2997.2714703838983,-114005.24587756158,0.45,augmented,0,1.018692238133338,-22801.049175512315,1.4754288589001896,0.6037153020296743,0.9395,0.0902407148198815
1.876446572345596,3.3821542380418204,-0.0915572439169175,3.273577808436712,0.0202441199092146,19.74917909216273,2998.1849395397285,-114005.01430194866,0.45,augmented,0,1.018692238133338,-22801.00286038973,1.5219694071188192,0.5548079376250066,0.9395,0.0902407148198815
1.9189708552997065,3.285750960916633,-0.0192397767086532,3.349431607544919,0.032087830519581,19.87088980277524,2998.820261291524,-114005.08486493348,0.45,augmented,0,1.018692238133338,-22801.016972986698,1.478587932412485,0.584027911456946,0.9395,0.0902407148198815
1.9793082900196397,3.308758618178352,0.0128599485177963,3.337966741273489,0.0400788018469472,19.652316684355448,2743.5222647941146,-103981.57663863442,0.5,augmented,0,1.0139311700305855,-20796.315327726883,1.654379309089176,0.5982025043902565,0.945,0.0915254237288135
1.9003320650209024,3.2484121173010023,-0.0694271276915605,3.2699864447748146,0.0278271730777952,19.79783875204124,2742.793812484508,-103981.42587807884,0.5,augmented,0,1.0139311700305855,-20796.28517561577,1.6242060586505012,0.5850031989157293,0.945,0.0915254237288135
1.9517356874376284,3.153149578656195,0.0327487792110844,3.390539932279585,0.0300613732516514,19.8760574628685,2742.830101762591,-103981.63385012258,0.5,augmented,0,1.0139311700305855,-20796.32677002452,1.5765747893280977,0.6189795376881164,0.945,0.0915254237288135
1.886775079652252,3.1706893547465422,-0.0191408594806484,3.3438135526862585,0.0360232030638539,19.394790832533232,2743.2867009378688,-103981.54803793466,0.5,augmented,0,1.0139311700305855,-20796.309607586933,1.5853446773732711,0.5950675936638652,0.945,0.0915254237288135
1.9477553484938728,3.368250103059921,-0.0335057600227116,3.408585895735808,0.0282382666344521,19.89626808912601,2744.86849109296,-103981.44223126458,0.5,augmented,0,1.0139311700305855,-20796.288446252915,1.6841250515299606,0.5782690449427643,0.945,0.0915254237288135
1.9398737886467587,3.2971702953337023,0.0518043825523128,3.2788512537369163,0.0302987573962035,19.630732670352483,2744.924253757512,-103981.49280149292,0.5,augmented,0,1.0139311700305855,-20796.298560298583,1.6485851476668512,0.5883448613640884,0.945,0.0915254237288135
1.901597712074488,3.31896922946151,-0.0307161572048147,3.314510550388323,0.0497888955855677,19.33847706122095,2745.2953808557345,-103981.26857046588,0.5,augmented,0,1.0139311700305855,-20796.25371409317,1.659484614730755,0.5729481075770345,0.945,0.0915254237288135
2.004543083530185,3.303706048797474,-0.0074970359539554,3.2783424092737645,0.0347533759293319,19.898096454292947,2744.9826630617813,-103982.23626371936,0.5,augmented,0,1.0139311700305855,-20796.44725274387,1.651853024398737,0.6067557001641003,0.945,0.0915254237288135
1.931724703150737,3.334870077976748,-0.0697894601096242,3.37956746208792,0.0327600966825739,19.691382894646893,2743.2346506280883,-103982.0773545638,0.5,augmented,0,1.0139311700305855,-20796.41547091276,1.667435038988374,0.5792501892824913,0.945,0.0915254237288135
1.9496477507259724,3.3284390421431977,-0.0185928941139332,3.313576918915983,0.0431952467078295,20.246085180547684,2743.826487232839,-103981.1846262035,0.5,augmented,0,1.0139311700305855,-20796.2369252407,1.6642195210715989,0.5857542049850432,0.945,0.0915254237288135
1.8804889037423271,3.365776143929377,-0.0548684159485533,3.276153753623405,0.0326062859254096,20.10756980032407,2744.6366158286696,-103981.56118294992,0.5,augmented,0,1.0139311700305855,-20796.312236589984,1.6828880719646886,0.5587086795493982,0.945,0.0915254237288135
1.873364972005504,3.330371934861206,0.0150850004450867,3.35877681147893,0.0215620641651925,19.48290464559404,2743.622522235851,-103981.4145398562,0.5,augmented,0,1.0139311700305855,-20796.28290797124,1.665185967430603,0.5625090668963103,0.945,0.0915254237288135
1.8401936089450028,3.333787602452014,0.0071524384939476,3.3924805994258107,0.0469285758423743,19.92477139564264,2742.886659493298,-103982.63668637953,0.5,augmented,0,1.0139311700305855,-20796.527337275904,1.666893801226007,0.5519826924813209,0.945,0.0915254237288135
1.93034736214693,3.450163182520856,0.0696727263762215,3.385527455114889,0.0442934082280173,19.86389189451579,2743.1304812532394,-103981.74771545774,0.5,augmented,0,1.0139311700305855,-20796.349543091543,1.725081591260428,0.5594943486824228,0.945,0.0915254237288135
2.033453476291317,3.2557441994208123,0.0807389395354925,3.333898592275397,0.0532543210909507,19.32795549715074,2744.272504201165,-103982.05107037892,0.5,augmented,0,1.0139311700305855,-20796.410214075782,1.627872099710406,0.6245738999025667,0.945,0.0915254237288135
1.864236640403791,3.3868534042410947,0.0504735894297984,3.3227529280703254,0.0240098403954159,19.697446570699515,2488.9505046712225,-93958.24025696606,0.55,augmented,0,1.0091701019278332,-18791.64805139321,1.8627693723326024,0.5504330620381414,0.9505,0.0919078371600367
1.9824797285682243,3.3590584818727507,0.0927751657397131,3.3762117372267646,0.035535734939931,19.24152979226915,2488.775280479684,-93958.68261025257,0.55,augmented,0,1.0091701019278332,-18791.73652205051,1.847482165030013,0.590188932130177,0.9505,0.0919078371600367
1.9830152398140732,3.4112483624066856,-0.0589684560816308,3.373612719320552,0.0457153117172905,20.183409407816352,2489.9254439674137,-93958.13399345268,0.55,augmented,0,1.0091701019278332,-18791.626798690537,1.8761865993236773,0.581316412006605,0.9505,0.0919078371600367
1.9380042997307585,3.403831200542345,0.0624752450353079,3.298361130126018,0.0355056067278304,19.49322937537313,2489.417093118726,-93957.89930569202,0.55,augmented,0,1.0091701019278332,-18791.5798611384,1.87210716029829,0.5693595293628072,0.9505,0.0919078371600367
1.9051512856639463,3.125969563253056,-0.0206110372512235,3.4106736866008704,0.0443762990294988,19.853455874343176,2488.757946698125,-93959.15393214796,0.55,augmented,0,1.0091701019278332,-18791.83078642959,1.719283259789181,0.6094591254504141,0.9505,0.0919078371600367
1.9607647160812236,3.2815718189965377,0.1092048366690228,3.3935253604177262,0.0331935169744604,19.54158442578341,2488.944995793386,-93958.63416774083,0.55,augmented,0,1.0091701019278332,-18791.72683354817,1.804864500448096,0.5975076051125995,0.9505,0.0919078371600367
1.9908416887764977,3.383641616974405,-0.0365815869454264,3.4595220342577893,0.0394930833152022,19.95565190279067,2488.429713492555,-93958.33285896596,0.55,augmented,0,1.0091701019278332,-18791.666571793197,1.8610028893359227,0.5883723295093954,0.9505,0.0919078371600367
1.95055549955716,3.176035070790385,0.100763755523032,3.429532223046128,0.0350280468385401,19.394319077863244,2489.385501613803,-93958.47106793014,0.55,augmented,0,1.0091701019278332,-18791.694213586023,1.7468192889347118,0.6141477792069744,0.9505,0.0919078371600367
1.9527834474281616,3.3841577396194094,0.0253120494652963,3.4373652849695904,0.0446810320512864,19.41010335032702,2490.400502852712,-93957.6941094981,0.55,augmented,0,1.0091701019278332,-18791.53882189962,1.8612867567906752,0.5770365983623381,0.9505,0.0919078371600367
2.092602836725604,3.2526505966760406,0.0121441006575137,3.260895064840551,0.044531491563792,19.56053991054997,2490.9613857948248,-93958.90172426486,0.55,augmented,0,1.0091701019278332,-18791.78034485297,1.7889578281718226,0.6433528997892314,0.9505,0.0919078371600367
1.850540848101637,3.317873625929748,-0.0987743885608568,3.402554972725366,0.0183491695374367,19.733537274354948,2486.960128180144,-93958.67456568211,0.55,augmented,0,1.0091701019278332,-18791.734913136424,1.8248304942613616,0.5577488774408017,0.9505,0.0919078371600367
2.017168907790227,3.40106478914358,-0.0431746802482467,3.363439825553046,0.0391801687204444,19.866789103753025,2487.671081636719,-93958.21813314292,0.55,augmented,0,1.0091701019278332,-18791.643626628585,1.870585634028969,0.5930990556634216,0.9505,0.0919078371600367
1.7997804184198614,3.30201154476362,-0.0244136921225772,3.396666341303562,0.0392263085267686,19.30333108384312,2488.052946874183,-93958.41507677508,0.55,augmented,0,1.0091701019278332,-18791.68301535501,1.8161063496199907,0.5450555968583402,0.9505,0.0919078371600367
1.931046632906772,3.307087589036425,-0.0240416894755989,3.3998083998579647,0.0338230742713078,19.69857262679128,2491.20787658808,-93959.22625809828,0.55,augmented,0,1.0091701019278332,-18791.845251619656,1.8188981739700345,0.5839113712612743,0.9505,0.0919078371600367
1.842407863421267,3.443358966479861,-0.0339321530647051,3.3490881236128693,0.0311884362186888,19.64705995776975,2490.636478112096,-93958.11335255051,0.55,augmented,0,1.0091701019278332,-18791.622670510107,1.893847431563924,0.5350610686528822,0.9505,0.0919078371600367
1.963111175594349,3.238377294420736,-0.0575576868276434,3.238046067025729,0.0299061917891724,19.987010955915697,2234.906226515748,-83935.45690488022,0.6000000000000001,augmented,0,1.0044090338250808,-16787.091380976046,1.9430263766524416,0.6062019310642336,0.956,0.0913483743855605
1.9188849858140973,3.31111144574246,0.0102379441200892,3.418293913974031,0.0218411321258952,19.789894306351204,2235.3217148709546,-83935.55369839323,0.6000000000000001,augmented,0,1.0044090338250808,-16787.110739678646,1.986666867445476,0.5795287889668213,0.956,0.0913483743855605
1.9550350306060291,3.661465444447256,-0.0052171396493445,3.3996653525002665,0.030619429163386,19.754375348780613,2234.8495516249823,-83935.24872707861,0.6000000000000001,augmented,0,1.0044090338250808,-16787.049745415723,2.1968792666683536,0.5339486405975151,0.956,0.0913483743855605
1.8690152340145572,3.400636177132545,0.0731097969358818,3.402431788225727,0.0476198718907184,19.62889640899621,2235.139180239424,-83935.20651432963,0.6000000000000001,augmented,0,1.0044090338250808,-16787.041302865928,2.040381706279528,0.5496073637560275,0.956,0.0913483743855605
1.8724544635156384,3.411852100479888,-0.0495848331720155,3.348355986255761,0.0398932830729237,19.78917328201404,2233.2000475349228,-83934.81915536316,0.6000000000000001,augmented,0,1.0044090338250808,-16786.963831072633,2.0471112602879327,0.5488086410438574,0.956,0.0913483743855605
1.948600313915024,3.309527156438912,-0.0768792398224587,3.372754771045929,0.0335405628613884,19.733942137115907,2234.0261633388445,-83936.34987667912,0.6000000000000001,augmented,0,1.0044090338250808,-16787.269975335825,1.985716293863348,0.5887849330194969,0.956,0.0913483743855605
1.900582653084942,3.349438088893169,0.0316830512387029,3.345090016269448,0.0547867467337256,19.12650783480447,2235.7004474978025,-83935.45830773418,0.6000000000000001,augmented,0,1.0044090338250808,-16787.091661546838,2.0096628533359016,0.5674331142152504,0.956,0.0913483743855605
1.962979243617178,3.3879801484058736,0.0569777768012734,3.36063190177236,0.0270137957482218,20.12615128618132,2234.2757993541177,-83935.23536901193,0.6000000000000001,augmented,0,1.0044090338250808,-16787.047073802387,2.0327880890435246,0.5793949722951696,0.956,0.0913483743855605
1.98173759570224,3.276804475790557,0.0297745448819628,3.350505262176856,0.0366783064435562,19.721683689615286,2232.889058138553,-83935.73556677016,0.6000000000000001,augmented,0,1.0044090338250808,-16787.147113354033,1.9660826854743343,0.6047773083704728,0.956,0.0913483743855605
1.9875536446206568,3.46861911885848,-0.0031319788663617,3.392156172925645,0.0350575749436354,20.106975015748397,2234.188927422206,-83935.23022720269,0.6000000000000001,augmented,0,1.0044090338250808,-16787.046045440537,2.081171471315088,0.5730098934197382,0.956,0.0913483743855605
1.9773015072071036,3.302262851515409,0.0779394592248447,3.3034769295128315,0.0542964213111279,19.58819732481441,2234.1465812521747,-83936.29115333434,0.6000000000000001,augmented,0,1.0044090338250808,-16787.25823066687,1.981357710909246,0.5987715083092828,0.956,0.0913483743855605
1.897260264131116,3.276019346897312,-0.0303823172686736,3.3731344517105564,0.047577916144729,19.76228100542019,2234.696956653401,-83935.89390794317,0.6000000000000001,augmented,0,1.0044090338250808,-16787.178781588635,1.9656116081383876,0.5791356778134766,0.956,0.0913483743855605
1.875962295519864,3.559872501835132,-0.0367600517381623,3.462810412602865,0.0355693880111913,19.70068638084305,2235.4596451602297,-83934.71020203778,0.6000000000000001,augmented,0,1.0044090338250808,-16786.942040407557,2.1359235011010798,0.526974426072386,0.956,0.0913483743855605
1.9144593719860457,3.3411756946478466,-0.0027960224261106,3.3968978764116065,0.0469130368686975,19.701268957698243,2235.008166298023,-83934.52696838262,0.6000000000000001,augmented,0,1.0044090338250808,-16786.905393676523,2.0047054167887084,0.5729895623457371,0.956,0.0913483743855605
1.9390654806132397,3.4111652856004784,-0.0759455412545034,3.248463493158547,0.0418837572923016,19.671552730615737,2233.874497325085,-83935.22438314665,0.6000000000000001,augmented,0,1.0044090338250808,-16787.04487662933,2.046699171360287,0.568446483772602,0.956,0.0913483743855605
1.9019798135401549,3.5077780250633896,0.0043055434129488,3.357653835746491,0.0469016623895928,19.60986067751614,1980.2671566836725,-73912.41658507076,0.65,augmented,0,0.9996479657223288,-14782.483317014154,2.280055716291203,0.5422176824567174,0.9615,0.0897746895721768
1.8725086557251285,3.4034168230185693,0.0006414321771842,3.418991351768341,0.0343135424669025,19.124092064868883,1979.307846116412,-73911.78097048409,0.65,augmented,0,0.9996479657223288,-14782.356194096816,2.2122209349620703,0.5501847710441727,0.9615,0.0897746895721768
1.8901311960378449,3.3703616597485446,0.0493188252952968,3.3594013386370536,0.021571967817571,19.62681066414235,1979.2564460487515,-73912.66100287755,0.65,augmented,0,0.9996479657223288,-14782.53220057551,2.1907350788365543,0.5608094400674565,0.9615,0.0897746895721768
1.8962310772050657,3.4441505647246777,-0.0004644280783907,3.4103490536343117,0.0551340769851542,19.572136341532733,1980.0189686346448,-73912.43248639896,0.65,augmented,0,0.9996479657223288,-14782.486497279791,2.2386978670710405,0.5505655141970062,0.9615,0.0897746895721768
1.862682014005652,3.3365092346582226,-0.0239379285760844,3.412973789877356,0.0604907578670075,19.46018696911725,1979.3239946943845,-73912.20944122423,0.65,augmented,0,0.9996479657223288,-14782.441888244846,2.168731002527845,0.5582725311785104,0.9615,0.0897746895721768
1.9247899424354875,3.421355081195478,0.0642047896974058,3.2736803964732397,0.0131307012980432,19.526236548396955,1980.837920187544,-73912.96070373346,0.65,augmented,0,0.9996479657223288,-14782.592140746692,2.2238808027770607,0.5625810049455402,0.9615,0.0897746895721768
1.7546183830153124,3.45211794062192,0.0121828611851357,3.340489579660028,0.0271446039927907,19.3840768841096,1979.851155317474,-73912.49103735577,0.65,augmented,0,0.9996479657223288,-14782.498207471152,2.243876661404248,0.508272864636352,0.9615,0.0897746895721768
1.9297031959487765,3.1095373337095604,-0.0428425932563899,3.338697301954447,0.034436593216275,19.51358567245296,1980.538463779896,-73913.1075481035,0.65,augmented,0,0.9996479657223288,-14782.621509620698,2.021199266911214,0.6205754645406523,0.9615,0.0897746895721768
1.9072745738165375,3.4508336423211703,0.0928323718280977,3.370911701445326,0.0402445860435251,19.13384116223129,1977.3486637956871,-73911.75549252977,0.65,augmented,0,0.9996479657223288,-14782.351098505957,2.2430418675087607,0.5526994978042843,0.9615,0.0897746895721768
1.9047219853175967,3.512851268979842,-0.0686701444484874,3.420995106976437,0.0556881784054385,19.80091168250718,1980.0172015055912,-73912.17360167725,0.65,augmented,0,0.9996479657223288,-14782.43472033545,2.2833533248368973,0.5422152255411361,0.9615,0.0897746895721768
1.8264559271437049,3.5305572935710345,-0.0305428819902532,3.4202241628191503,0.0213696569342874,19.321162100647665,1981.1757073992223,-73912.35153086214,0.65,augmented,0,0.9996479657223288,-14782.470306172429,2.2948622408211725,0.5173277921708833,0.9615,0.0897746895721768
1.9776637738021277,3.387176934094148,-0.0920948886478928,3.4396033799865857,0.0311010768224439,19.884606644055115,1979.76583086754,-73912.94943883164,0.65,augmented,0,0.9996479657223288,-14782.589887766328,2.2016650071611963,0.5838676952561764,0.9615,0.0897746895721768
1.9132147382685287,3.61462231421528,0.0246493229257229,3.3921241123497263,0.0477534340195689,19.738200539560932,1979.9501542302628,-73912.72369230374,0.65,augmented,0,0.9996479657223288,-14782.544738460749,2.349504504239932,0.5292985110632143,0.9615,0.0897746895721768
1.91669240128948,3.498544341641694,-0.0418031076050012,3.466224791062347,0.0360829397585487,19.40866914653844,1980.7382520769204,-73912.32127683553,0.65,augmented,0,0.9996479657223288,-14782.464255367106,2.274053822067101,0.5478540976662236,0.9615,0.0897746895721768
1.9429757443743056,3.3658241367741457,-0.0029913071764951,3.4196780102167144,0.0399089705759,19.07634046586448,1978.6193762599055,-73911.71317472527,0.65,augmented,0,0.9996479657223288,-14782.342634945056,2.187785688903195,0.5772658012283077,0.9615,0.0897746895721768
1.8833931705549227,3.357626869722858,-0.0679287007628737,3.3560131839362075,0.0157820136003805,19.619615784389534,1724.4935224194187,-63889.49290513205,0.7000000000000001,augmented,0,0.9948868976195764,-12777.89858102641,2.3503388088060007,0.5609296931140794,0.967,0.0870721630990905
1.8865938287416024,3.446397063085274,0.1046598966104972,3.3344058290218395,0.0475938104330052,19.94193046830452,1724.312867260623,-63888.90799320927,0.7000000000000001,augmented,0,0.9948868976195764,-12777.781598641854,2.412477944159692,0.5474103090264307,0.967,0.0870721630990905
1.8671183375331195,3.428568858041874,0.0754565506702275,3.440280311631566,0.0410860837323344,19.520907204013607,1723.6079033350754,-63889.113845291824,0.7000000000000001,augmented,0,0.9948868976195764,-12777.822769058364,2.399998200629312,0.5445764312352289,0.967,0.0870721630990905
1.950330407743196,3.2572832143410357,-0.0527544684088347,3.416313386811704,0.0261534521515273,19.412242965865435,1724.6683614182716,-63889.692419888655,0.7000000000000001,augmented,0,0.9948868976195764,-12777.93848397773,2.280098250038725,0.5987596658456644,0.967,0.0870721630990905
1.8412939076891817,3.480342791678731,-0.0653684891115482,3.3301063932752584,0.029699750204661,19.869586650752957,1724.8950381920029,-63889.24190172562,0.7000000000000001,augmented,0,0.9948868976195764,-12777.848380345124,2.436239954175112,0.5290551790003023,0.967,0.0870721630990905
1.8922179398757808,3.235429256714035,0.0247352826887516,3.4291717515701823,0.0319069152590427,19.95177735353892,1723.9644639010469,-63888.44565668993,0.7000000000000001,augmented,0,0.9948868976195764,-12777.689131337986,2.2648004796998245,0.5848427534326002,0.967,0.0870721630990905
1.8977246832797627,3.3763447410121827,-0.0009936817684155,3.404636761709453,0.0482028289641771,19.32699626175869,1724.3294407608532,-63888.49145974052,0.7000000000000001,augmented,0,0.9948868976195764,-12777.698291948103,2.3634413187085284,0.5620646784564339,0.967,0.0870721630990905
1.8602232532408072,3.5000533077331597,0.0849717991504354,3.3899102486529182,0.042813623265753,19.30389231559804,1725.8466932980675,-63888.90989919356,0.7000000000000001,augmented,0,0.9948868976195764,-12777.781979838712,2.450037315413212,0.5314841112981464,0.967,0.0870721630990905
1.9136519141080108,3.3454427927964607,-0.0830541707783586,3.435162603237476,0.0153659684752054,19.55479485232724,1726.0331418664198,-63888.91366231862,0.7000000000000001,augmented,0,0.9948868976195764,-12777.782732463724,2.341809954957523,0.5720173563305891,0.967,0.0870721630990905
1.987417132239491,3.512510915258177,-0.0326949194162788,3.411365668992572,0.0355262929745556,19.17534697099616,1724.1515610835154,-63889.28999164005,0.7000000000000001,augmented,0,0.9948868976195764,-12777.85799832801,2.4587576406807243,0.5658107873189694,0.967,0.0870721630990905
1.7881889748572033,3.4147493468251646,-0.012453592232652,3.326355304934421,0.0400421286527733,19.864761823407285,1725.3189944788646,-63889.17164527416,0.7000000000000001,augmented,0,0.9948868976195764,-12777.834329054833,2.3903245427776154,0.5236660936339773,0.967,0.0870721630990905
1.919572107587593,3.478022036047669,0.0153701784859844,3.3687693874782623,0.0387660076551118,20.00864419524764,1724.495330941388,-63887.96064151699,0.7000000000000001,augmented,0,0.9948868976195764,-12777.5921283034,2.434615425233369,0.5519147192794164,0.967,0.0870721630990905
1.863718453300731,3.4132407013340136,-0.0336242798003168,3.4211635417960133,0.0185777830736472,19.486187460354984,1723.9998387996511,-63888.94194201261,0.7000000000000001,augmented,0,0.9948868976195764,-12777.788388402523,2.3892684909338096,0.5460259238518986,0.967,0.0870721630990905
1.9397223687754452,3.474600618711455,-0.1185829680429446,3.512103482646394,0.0389527994062086,19.4170502578521,1725.2490879189909,-63888.9215162753,0.7000000000000001,augmented,0,0.9948868976195764,-12777.78430325506,2.432220433098019,0.5582574872266322,0.967,0.0870721630990905
1.856657564152422,3.429791666734208,-0.0303736143810153,3.389781900365499,0.0291372086424491,19.220198613078104,1725.237796470215,-63888.7169614683,0.7000000000000001,augmented,0,0.9948868976195764,-12777.74339229366,2.4008541667139456,0.5413323033080891,0.967,0.0870721630990905
1.9007441798038187,3.5069925252635232,0.0162170105007434,3.3983637250891547,0.0433966386443118,19.21774473804742,1469.5426286174877,-53866.32344269119,0.75,augmented,0,0.990125829516824,-10773.264688538238,2.6302443939476423,0.5419867947035895,0.9725,0.0830646035601415
1.9290028029569652,3.519278851414007,0.0243652618522497,3.4785964932605897,0.0262071721758801,19.729578535958293,1470.3181255716167,-53865.417901603534,0.75,augmented,0,0.990125829516824,-10773.083580320706,2.6394591385605053,0.5481242994023091,0.9725,0.0830646035601415
1.8692387883723904,3.386505711158992,0.0270454259280495,3.468808458359561,0.0283165480515319,19.60667729859429,1469.3848593663583,-53867.09037316423,0.75,augmented,0,0.990125829516824,-10773.418074632846,2.539879283369244,0.5519666570312702,0.9725,0.0830646035601415
1.8850229815706865,3.485890535625463,0.0131033404543362,3.3275219141122814,0.0314915056992352,18.95949567198468,1471.813001107654,-53866.384369946536,0.75,augmented,0,0.990125829516824,-10773.276873989307,2.614417901719097,0.5407577838569961,0.9725,0.0830646035601415
1.9377701804729948,3.5195869643684143,-0.045029517626803,3.3683607524366126,0.0385037021638633,19.37170278884508,1470.5457846421582,-53866.08275645088,0.75,augmented,0,0.990125829516824,-10773.216551290176,2.63969022327631,0.5505673391574758,0.9725,0.0830646035601415
1.7859420792767184,3.201953198087554,0.0113342124247298,3.3969221126834688,0.0294691018308586,19.83375915172813,1471.6167422766323,-53865.97761501616,0.75,augmented,0,0.990125829516824,-10773.19552300323,2.4014648985656653,0.5577662792126808,0.9725,0.0830646035601415
1.857970064654507,3.4750143033113883,-0.0678467784849787,3.4361576527373847,0.0405188597182215,19.82906906252529,1468.5065472974975,-53866.22202029038,0.75,augmented,0,0.990125829516824,-10773.244404058076,2.606260727483541,0.5346652899295213,0.9725,0.0830646035601415
1.8310868373588267,3.434988695440921,0.0240372289883992,3.499835520372299,0.0300503451963192,19.475728250507235,1471.5929720188788,-53865.69305418621,0.75,augmented,0,0.990125829516824,-10773.138610837244,2.57624152158069,0.5330690918197312,0.9725,0.0830646035601415
1.9383825755593984,3.4538728003009838,-0.0578558309356635,3.3583435822611096,0.0194848775094107,19.82361555042754,1471.631896823087,-53864.91666158479,0.75,augmented,0,0.990125829516824,-10772.983332316957,2.590404600225737,0.561219861417774,0.9725,0.0830646035601415
1.917155266616162,3.5412838577534984,-0.0290008166326842,3.3671792091628068,0.0435007933241755,19.75030422567182,1470.5507443743409,-53865.64765691516,0.75,augmented,0,0.990125829516824,-10773.12953138303,2.655962893315124,0.5413727908441561,0.9725,0.0830646035601415
1.8911592741229104,3.553381685985356,0.0647492792408477,3.4522110176170173,0.0434580287256292,19.779218765727432,1469.9821302679652,-53865.46306031802,0.75,augmented,0,0.990125829516824,-10773.092612063603,2.665036264489017,0.5322137921090506,0.9725,0.0830646035601415
1.805275246557037,3.5303891552295883,-0.0597261469883017,3.4392901643397367,0.0265484604157384,19.791016694922327,1470.409374774072,-53866.63872063456,0.75,augmented,0,0.990125829516824,-10773.327744126913,2.647791866422191,0.5113529007219986,0.9725,0.0830646035601415
1.896034981550924,3.367207922316729,0.0440573360406684,3.42506628443672,0.0389542098538803,19.33772931349544,1469.8539677685726,-53866.07066197353,0.75,augmented,0,0.990125829516824,-10773.214132394703,2.5254059417375467,0.5630880130379322,0.9725,0.0830646035601415
1.917835124012128,3.5927377087805485,-0.0402585875871438,3.478842407232884,0.0133032258227429,19.266743179672314,1469.4845215438131,-53866.5175970002,0.75,augmented,0,0.990125829516824,-10773.30351940004,2.6945532815854114,0.5338086845350024,0.9725,0.0830646035601415
1.7958205805106209,3.4662998912137795,-0.010703384886393,3.4439702698802552,0.0419047268612151,19.70468509795176,1471.1010631761503,-53865.8761087986,0.75,augmented,0,0.990125829516824,-10773.17522175972,2.5997249184103346,0.5180798311717787,0.9725,0.0830646035601415
1.8006503305847128,3.54578141808208,-0.0294556066390563,3.393220185061879,0.032220821241956,19.32615672421105,1215.3772096180105,-43842.50104716359,0.8,augmented,0,0.9853647614140716,-8768.500209432717,2.836625134465664,0.5078287718394993,0.978,0.0774748923959827
1.8774170869623064,3.3502169933574373,-0.0243852686474372,3.4937166502385124,0.0389640011773394,20.222519511804563,1216.9747681737413,-43842.100927590094,0.8,augmented,0,0.9853647614140716,-8768.420185518018,2.68017359468595,0.5603865451993599,0.978,0.0774748923959827
1.79060657247721,3.5163860351633427,-0.0026553400848455,3.412450909823088,0.0356801534053252,19.88356346038345,1216.295471591004,-43843.11231102505,0.8,augmented,0,0.9853647614140716,-8768.62246220501,2.8131088281306744,0.5092177153912276,0.978,0.0774748923959827
1.897122945679631,3.376241245792404,0.0108341559482143,3.424832496626144,0.0318113374826437,19.829872892512157,1214.754446280184,-43841.70047658723,0.8,augmented,0,0.9853647614140716,-8768.340095317446,2.7009929966339232,0.5619036809470336,0.978,0.0774748923959827
1.7689456965352752,3.3802332316745147,0.018510594497087,3.469215708321766,0.0329952427942829,19.58278278909954,1216.2051900853276,-43842.78860886311,0.8,augmented,0,0.9853647614140716,-8768.55772177262,2.704186585339612,0.5233204492041864,0.978,0.0774748923959827
1.9296590628967452,3.5239349114231606,0.0436412175502817,3.3916921638314794,0.0332061157559429,19.50986021538379,1214.7890386243105,-43842.4929920324,0.8,augmented,0,0.9853647614140716,-8768.49859840648,2.819147929138529,0.5475863101373606,0.978,0.0774748923959827
1.8331177121110092,3.505540382985024,-0.0535095781447165,3.5259520306420917,0.0250366734140793,19.66579070116013,1216.5864993103878,-43842.95839433948,0.8,augmented,0,0.9853647614140716,-8768.591678867895,2.804432306388019,0.5229200034575203,0.978,0.0774748923959827
1.9026234321716475,3.3170816402199588,0.072605884959128,3.4407074632482884,0.0280358859203112,19.510245468271773,1216.6035592693925,-43842.9653017703,0.8,augmented,0,0.9853647614140716,-8768.59306035406,2.653665312175967,0.5735833678371917,0.978,0.0774748923959827
1.8225321155288607,3.4178463402416264,-0.0588481056384984,3.5310271953970918,0.0283360540878527,19.849485035854123,1216.0041100836477,-43843.165341149615,0.8,augmented,0,0.9853647614140716,-8768.633068229923,2.734277072193301,0.5332397658814148,0.978,0.0774748923959827
1.859702264539364,3.5184002779310752,-0.0094130667543153,3.499655647292552,0.0442151539278186,19.8756744563975,1215.3349832277268,-43843.212995348265,0.8,augmented,0,0.9853647614140716,-8768.642599069653,2.81472022234486,0.528564571700282,0.978,0.0774748923959827
1.8293206197318603,3.4596240940666725,0.0272893356766177,3.331421429761978,0.0339188679838825,19.64742676759696,1215.5170957436842,-43842.02743720487,0.8,augmented,0,0.9853647614140716,-8768.405487440974,2.7676992752533383,0.5287626751433797,0.978,0.0774748923959827
1.881089003712544,3.57101919080809,-0.0107980260175116,3.4868738746253465,0.0503506639452751,19.9935080347818,1214.702498406571,-43842.79991216314,0.8,augmented,0,0.9853647614140716,-8768.55998243263,2.856815352646472,0.5267651548301299,0.978,0.0774748923959827
1.8427417647275104,3.4889254535076333,0.0343176777507266,3.3980553662987134,0.0346783851391693,18.99402180035316,1217.2365850058018,-43842.92926124471,0.8,augmented,0,0.9853647614140716,-8768.585852248942,2.791140362806107,0.5281687044090276,0.978,0.0774748923959827
1.862793196992225,3.409035028601194,0.0573013787506707,3.298124677930132,0.0338338965767409,19.56825437275069,1215.3410036124085,-43841.80996085156,0.8,augmented,0,0.9853647614140716,-8768.36199217031,2.727228022880956,0.5464281343358438,0.978,0.0774748923959827
1.8156335270572117,3.5171796177235666,0.0178126394353041,3.503075962626776,0.0273281091522249,19.380109330262872,1216.8907099074772,-43842.46041347021,0.8,augmented,0,0.9853647614140716,-8768.492082694042,2.8137436941788536,0.5162184500585438,0.978,0.0774748923959827
1.7677531326661622,3.401069498553673,0.019319132692403,3.4968882110773296,0.0262076934680704,18.70072320305492,961.6692031857366,-33820.11496593824,0.8500000000000001,augmented,0,0.9806036933113194,-6764.022993187648,2.8909090737706227,0.5197637430385258,0.9835,0.0698364967659025
1.7441330600938796,3.171767407501586,0.040699043009887,3.4614308725202485,0.0307434361928774,19.99170730888883,961.7833046830226,-33818.69665557191,0.8500000000000001,augmented,0,0.9806036933113194,-6763.739331114382,2.6960022963763484,0.5498929417320667,0.9835,0.0698364967659025
1.7753632263916503,3.451544937604604,-0.0808356687474007,3.443530883407227,0.0305138414623332,19.762984091178925,961.1915438811416,-33819.19310202413,0.8500000000000001,augmented,0,0.9806036933113194,-6763.8386204048265,2.9338131969639134,0.5143675496388624,0.9835,0.0698364967659025
1.880172006656945,3.6704928677383135,-0.0157648327643062,3.407948864966681,0.035460836153164,19.33431599185814,962.627940768436,-33819.64641461275,0.8500000000000001,augmented,0,0.9806036933113194,-6763.92928292255,3.119918937577568,0.5122395171894047,0.9835,0.0698364967659025
1.8167211816063007,3.407868427884888,0.035920871173582,3.447112650838426,0.0265833317986961,20.074605575287062,960.2898101593378,-33819.487022556255,0.8500000000000001,augmented,0,0.9806036933113194,-6763.897404511251,2.896688163702155,0.5330958888098768,0.9835,0.0698364967659025
1.877615307580512,3.2918664889582927,0.0240130250702962,3.4022446162259774,0.04122782780834,19.28620469642431,961.8387490318484,-33818.951889060125,0.8500000000000001,augmented,0,0.9806036933113194,-6763.790377812025,2.798086515614549,0.5703799785011032,0.9835,0.0698364967659025
1.8880718262816405,3.4801316648238103,-0.0115650471464849,3.4261790211832577,0.047710346908171,19.36515143394971,960.1089139264296,-33819.17212112575,0.8500000000000001,augmented,0,0.9806036933113194,-6763.834424225151,2.958111915100239,0.5425286930483233,0.9835,0.0698364967659025
1.8051931598406756,3.359993650253388,-0.0721802131084882,3.4308545080269743,0.032172849761035,19.64792751829821,962.0972862442992,-33819.241356631435,0.8500000000000001,augmented,0,0.9806036933113194,-6763.848271326287,2.85599460271538,0.537260724419469,0.9835,0.0698364967659025
1.8354563890223408,3.435180432362028,0.0255078734457591,3.5186285081464286,0.034263141994832,19.43426074373688,960.153113998914,-33820.22740822548,0.8500000000000001,augmented,0,0.9806036933113194,-6764.0454816450965,2.919903367507724,0.5343113384728221,0.9835,0.0698364967659025
1.8783134836021764,3.512797852363956,0.028868176255333,3.448567027682397,0.0470693474589175,19.42976445162456,962.1012492372068,-33819.52417704077,0.8500000000000001,augmented,0,0.9806036933113194,-6763.904835408153,2.9858781745093625,0.5347056756005701,0.9835,0.0698364967659025
1.814582461766033,3.5142530307317763,0.0204818059341996,3.4728486379633465,0.0338127842205619,19.563632075484957,963.53435199287,-33818.91267727067,0.8500000000000001,augmented,0,0.9806036933113194,-6763.782535454135,2.98711507612201,0.5163492581633836,0.9835,0.0698364967659025
1.881141344749276,3.466179915820339,0.0503578600298334,3.4808997388195726,0.0332620475277403,19.483930702420228,961.0650626623368,-33821.09001846121,0.8500000000000001,augmented,0,0.9806036933113194,-6764.218003692242,2.9462529284472883,0.5427129715484187,0.9835,0.0698364967659025
1.8555300419648824,3.406152391988964,0.0796334999141442,3.455967203540588,0.0211103658046503,19.560035953761567,960.099858914937,-33819.26810188541,0.8500000000000001,augmented,0,0.9806036933113194,-6763.853620377083,2.89522953319062,0.5447582150378077,0.9835,0.0698364967659025
1.8595473682169743,3.5507839631108267,-0.0395440895847282,3.456700404811408,0.0193497820457336,19.785448434577415,961.6648511804397,-33819.25690308276,0.8500000000000001,augmented,0,0.9806036933113194,-6763.851380616552,3.018166368644203,0.5237003613386471,0.9835,0.0698364967659025
1.8450809515678472,3.496477289078879,0.0802169554154298,3.4407452871478994,0.0343864518371008,19.24916211024558,960.2777190384012,-33819.455898946726,0.8500000000000001,augmented,0,0.9806036933113194,-6763.891179789345,2.972005695717048,0.5276969564864422,0.9835,0.0698364967659025
1.8851966773350957,3.444371917574842,-0.0117958264656061,3.449655737774781,0.0266524332915567,19.63849143671265,705.0000623548214,-23795.696067273853,0.9,augmented,0,0.9758426252085672,-4759.1392134547705,3.0999347258173584,0.5473265300966448,0.989,0.0592538405267007
1.796728885093527,3.542190348543814,-0.0634999298696938,3.503442006527311,0.0387194460781449,19.66526062160177,705.5028914782001,-23796.21176296739,0.9,augmented,0,0.9758426252085672,-4759.242352593477,3.1879713136894328,0.5072365404065926,0.989,0.0592538405267007
1.7708471907632806,3.444723674490381,0.0514706550477663,3.509835096353537,0.0321518294254043,19.257558027223148,707.1429077121742,-23796.32684644334,0.9,augmented,0,0.9758426252085672,-4759.265369288668,3.100251307041343,0.5140751026858955,0.989,0.0592538405267007
1.713984220088479,3.5482629826316514,-0.0012116416934846,3.530122562399153,0.0210472948115719,18.5969888560412,706.7764038583451,-23796.190755223844,0.9,augmented,0,0.9758426252085672,-4759.2381510447685,3.1934366843684865,0.4830486763324929,0.989,0.0592538405267007
1.7454664186196776,3.3721500454133397,0.137760887185995,3.4547194692923098,0.0393095897637621,19.354802051789484,704.4070171011468,-23796.421666185583,0.9,augmented,0,0.9758426252085672,-4759.284333237118,3.0349350408720053,0.5176121695360559,0.989,0.0592538405267007
1.816719771985695,3.430012176133163,-0.0057320417753196,3.483213413582281,0.0304988304874619,19.17079814961579,706.9835047915619,-23797.311222939847,0.9,augmented,0,0.9758426252085672,-4759.4622445879695,3.0870109585198464,0.5296538755672595,0.989,0.0592538405267007
1.72748212713579,3.5439180494701565,0.0253510136067678,3.4671302317462978,0.0180455149524492,19.33762671779778,706.2345732523135,-23797.134484046477,0.9,augmented,0,0.9758426252085672,-4759.426896809295,3.189526244523141,0.4874496575744477,0.989,0.0592538405267007
1.7930485670988383,3.535233033817668,0.0713652682144608,3.4490282623670723,0.0395648835431609,18.97578197882376,707.1567712411136,-23796.738511269552,0.9,augmented,0,0.9758426252085672,-4759.34770225391,3.1817097304359008,0.5071937387869457,0.989,0.0592538405267007
1.8453672808353985,3.4452247581760287,0.0660207004891917,3.426278217583004,0.0382760629756183,19.46614776101104,706.3390145219903,-23796.428464008768,0.9,augmented,0,0.9758426252085672,-4759.285692801754,3.100702282358426,0.5356302925740265,0.989,0.0592538405267007
1.7877163447752944,3.4685901034093325,-0.003132411106091,3.4820620124203363,0.0328450514569286,19.78939836488367,707.4208286160473,-23796.8618487231,0.9,augmented,0,0.9758426252085672,-4759.37236974462,3.1217310930683992,0.5154012944962351,0.989,0.0592538405267007
1.8734386250295387,3.3513663572890144,0.0293927944068867,3.500986939235143,0.0128868310833749,19.577893773958824,706.0288238866397,-23796.71591969116,0.9,augmented,0,0.9758426252085672,-4759.343183938231,3.016229721560113,0.5590072425080249,0.989,0.0592538405267007
1.8975426165349505,3.404632085936258,-0.0403188464559024,3.4737847470002543,0.0388558974629841,19.507505424196964,707.6636905456692,-23796.071049231206,0.9,augmented,0,0.9758426252085672,-4759.214209846241,3.0641688773426323,0.5573412960043344,0.989,0.0592538405267007
1.7210894340134286,3.4170533036492987,-0.0280921049675849,3.493968047671471,0.0057518294362588,20.31470291261532,707.0283460948941,-23796.262098660227,0.9,augmented,0,0.9758426252085672,-4759.252419732045,3.075347973284369,0.5036763484195622,0.989,0.0592538405267007
1.8890783858209572,3.704365405281262,0.0435373322294201,3.517440654823581,0.0333069002446438,19.50754227398992,706.021524555995,-23796.749593058044,0.9,augmented,0,0.9758426252085672,-4759.349918611609,3.333928864753136,0.5099599173363967,0.989,0.0592538405267007
1.7956492950150251,3.334944403565701,-0.0037935725342511,3.3857666211386803,0.0339091652414371,19.539100817587297,706.6442552983866,-23796.5976028472,0.9,augmented,0,0.9758426252085672,-4759.319520569439,3.001449963209131,0.5384343902887072,0.989,0.0592538405267007
1.968843018509025,3.621011590018031,-0.0622271250042361,3.496643404371345,0.0249199385706267,19.220656081987777,450.5085879288757,-13772.952160185703,0.95,augmented,0,0.9710815571058148,-2754.5904320371405,3.4399610105171297,0.5437271949665387,0.9945,0.0434762731716284
1.7809309882465212,3.5817826024025203,0.0496891107265219,3.5536957192605723,0.0224761323392589,19.667609683207605,452.481114216642,-13773.405357618634,0.95,augmented,0,0.9710815571058148,-2754.681071523727,3.4026934722823947,0.4972190355251898,0.9945,0.0434762731716284
1.776411402130356,3.645952066577597,0.0113747937866026,3.516798387535587,0.0227792398817207,19.159214660043343,451.27921022550754,-13773.230279224776,0.95,augmented,0,0.9710815571058148,-2754.6460558449558,3.4636544632487176,0.4872282691773231,0.9945,0.0434762731716284
1.7617889996591325,3.484015519134961,-0.084425259403425,3.4289976288765063,0.0377091124827687,19.70613715608337,451.4567832346128,-13773.67715068562,0.95,augmented,0,0.9710815571058148,-2754.735430137124,3.309814743178214,0.5056775678252419,0.9945,0.0434762731716284
1.7636298224236997,3.4476731754058685,0.0322259245822645,3.531412284567216,0.0260346826451803,19.178952272204565,452.116503637866,-13773.580036016396,0.95,augmented,0,0.9710815571058148,-2754.71600720328,3.275289516635575,0.5115419070063605,0.9945,0.0434762731716284
1.78908736805694,3.617527609043704,0.0413557714282884,3.4928987156125726,0.0182808099888727,19.5884189702412,452.9113172907872,-13773.356085363965,0.95,augmented,0,0.9710815571058148,-2754.671217072793,3.4366512285915185,0.4945606687350806,0.9945,0.0434762731716284
1.882555704499336,3.614274528951821,0.0831866416071736,3.5002621563265675,0.0368739169980601,19.94925618649933,452.2960539370686,-13773.418885584975,0.95,augmented,0,0.9710815571058148,-2754.6837771169958,3.4335608025042297,0.5208666825258055,0.9945,0.0434762731716284
1.792572858173607,3.508855495377374,-0.0645280710973109,3.4778370542317902,0.0419654711823025,18.867623844650417,453.3831421017942,-13772.607081421733,0.95,augmented,0,0.9710815571058148,-2754.5214162843463,3.3334127206085054,0.5108709519854039,0.9945,0.0434762731716284
1.792011769208476,3.5393390827871807,0.0001573863453163,3.546499518421934,0.0408268314276994,19.104978783045095,452.4359224134639,-13773.271082457904,0.95,augmented,0,0.9710815571058148,-2754.654216491581,3.362372128647822,0.5063123992869574,0.9945,0.0434762731716284
1.819141628525905,3.4121828099030185,0.0874068534560417,3.5370030909951287,0.0236022883602703,19.12461681792693,451.4629873690218,-13772.951017208035,0.95,augmented,0,0.9710815571058148,-2754.590203441608,3.241573669407868,0.5331311939428048,0.9945,0.0434762731716284
1.827010292197311,3.610313282476824,0.0394959861090426,3.533478451287645,0.0342685540061043,19.108210380936704,451.6529614688528,-13772.638223661128,0.95,augmented,0,0.9710815571058148,-2754.527644732226,3.4297976183529832,0.5060529774554438,0.9945,0.0434762731716284
1.812423853573768,3.5353090368623747,-0.0159374157623066,3.433509407572908,0.0297665593595388,19.6177142329098,451.1929722805382,-13773.28612415351,0.95,augmented,0,0.9710815571058148,-2754.657224830702,3.358543585019256,0.5126633406054291,0.9945,0.0434762731716284
1.7680268379007007,3.5969244917564094,-0.0147227878794017,3.557637777256309,0.046287478505409,19.50068621058348,450.84021126745233,-13774.211217469949,0.95,augmented,0,0.9710815571058148,-2754.84224349399,3.417078267168589,0.4915383546177816,0.9945,0.0434762731716284
1.7413981463486603,3.347616517510134,0.0689234813730752,3.490791229361347,0.0348960452409198,18.858873697319464,450.6506935707824,-13772.72472864286,0.95,augmented,0,0.9710815571058148,-2754.544945728572,3.1802356916346275,0.5201902957073377,0.9945,0.0434762731716284
1.8293387056191293,3.4702794721314403,0.0282421179300061,3.5667898903067905,0.0287895753646294,19.545810940797423,452.0412569187309,-13771.972213713443,0.95,augmented,0,0.9710815571058148,-2754.394442742689,3.2967654985248687,0.5271443389979232,0.9945,0.0434762731716284
1.6950321867790488,3.5683223014788807,-0.0057401124379531,3.528338586309209,0.0234262744600527,19.485310490742464,197.9114105794655,-3748.443544899478,1.0,augmented,0,0.9663204890030626,-749.6887089798956,3.5683223014788807,0.4750220323580399,1.0,0.0
1.840401809470104,3.415193440196949,-0.0211879841011351,3.4773292945808074,0.0120435682736998,19.40097294248957,197.93282908182167,-3750.6371160595386,1.0,augmented,0,0.9663204890030626,-750.1274232119077,3.415193440196949,0.5388863918869493,1.0,0.0
1.8524241325525297,3.548777482108434,-0.0367116660985518,3.492923518133108,0.0459832180764103,19.72006434405176,197.20878365489813,-3750.118841658481,1.0,augmented,0,0.9663204890030626,-750.0237683316961,3.548777482108434,0.5219892258397458,1.0,0.0
1.803830453522583,3.4488236442057696,-0.1052374752859507,3.6021088955267366,0.031553249991994,19.61944417953676,197.14209225012308,-3750.367558400362,1.0,augmented,0,0.9663204890030626,-750.0735116800724,3.4488236442057696,0.5230275933434672,1.0,0.0
1.7907037759525617,3.340060523780569,0.1138543249026652,3.43827440007888,0.0196803371615282,19.36792223868408,198.4880757248524,-3749.992745500369,1.0,augmented,0,0.9663204890030626,-749.9985491000737,3.340060523780569,0.5361289794224176,1.0,0.0
1.738193210198477,3.625433836075734,0.036550031339274,3.526921747860823,0.0371573424117084,20.21830857017473,199.3850948950361,-3750.3433576715015,1.0,augmented,0,0.9663204890030626,-750.0686715343003,3.625433836075734,0.4794440636202257,1.0,0.0
1.8811942496405576,3.5383168189758902,0.0249547908068874,3.4153864584178337,0.028296142346118,19.25615292289903,198.02805881489328,-3749.464459749799,1.0,augmented,0,0.9663204890030626,-749.8928919499597,3.5383168189758902,0.5316634474019746,1.0,0.0
1.6962756824491845,3.4977965135995728,0.0560930752397126,3.4906660518843275,0.0372906364500236,19.605349640288125,197.54166023195265,-3750.135657489034,1.0,augmented,0,0.9663204890030626,-750.0271314978069,3.4977965135995728,0.4849553685866602,1.0,0.0
1.7391709597932146,3.387846985257497,0.0354676257227658,3.500972912775944,0.0286148775539277,19.37283298730329,196.89481115451923,-3749.476544102756,1.0,augmented,0,0.9663204890030626,-749.8953088205511,3.387846985257497,0.5133556662994804,1.0,0.0
1.7832377959065988,3.3658935286698437,0.0371825887770086,3.4897561668067643,0.0303139586553277,19.98227349191985,197.17943944264948,-3749.8554081634406,1.0,augmented,0,0.9663204890030626,-749.9710816326881,3.3658935286698437,0.5297961004771324,1.0,0.0
1.7410538254350838,3.478033054764904,0.03047630226043,3.422231313307938,0.0320084509311571,19.530237321793443,197.24128745558744,-3749.481420550671,1.0,augmented,0,0.9663204890030626,-749.8962841101342,3.478033054764904,0.5005856176278208,1.0,0.0
1.816721925742426,3.647807189835644,-0.0496794757797018,3.5067962283609173,0.0308446678638994,19.179223651873475,198.15629500209133,-3748.8376633470734,1.0,augmented,0,0.9663204890030626,-749.7675326694147,3.647807189835644,0.4980311001013132,1.0,0.0
1.7991496962758085,3.5505021088273767,0.0042259237907663,3.4643207665046414,0.0117923972219798,19.28826795507139,195.80804161904825,-3749.1479489609706,1.0,augmented,0,0.9663204890030626,-749.8295897921942,3.5505021088273767,0.5067309170361529,1.0,0.0
1.794244515303838,3.465408067095283,0.0444576912393903,3.4439124448572054,0.0223313596199544,19.520421680774582,198.22876899142344,-3749.749157477416,1.0,augmented,0,0.9663204890030626,-749.9498314954832,3.465408067095283,0.5177583599986882,1.0,0.0
1.8124162571257945,3.507811773523602,0.0200117927763387,3.510082645256462,0.0197002772522306,19.513823766489946,196.12631134108224,-3749.9594587285496,1.0,augmented,0,0.9663204890030626,-749.99189174571,3.507811773523602,0.5166798726561509,1.0,0.0
